﻿Series Name,Series Code,Country Name,Country Code,1990 [YR1990],2000 [YR2000],2009 [YR2009],2010 [YR2010],2011 [YR2011],2012 [YR2012],2013 [YR2013],2014 [YR2014],2015 [YR2015],2016 [YR2016],2017 [YR2017],2018 [YR2018]
Renewable energy consumption (% of total final energy consumption),EG.FEC.RNEW.ZS,Afghanistan,AFG,15.9245316828932,54.2431263698384,17.8138547564602,14.8398059645804,11.4827062291243,13.9735856888609,16.3342925084743,19.3142686133983,18.4234771693218,..,..,..
Renewable energy consumption (% of total final energy consumption),EG.FEC.RNEW.ZS,Albania,ALB,25.5180876255371,41.4454155743781,37.2166378004051,37.1153297675702,35.9625316031337,40.048299596384,41.2889737241069,38.6895007576277,38.6152104692153,..,..,..
Renewable energy consumption (% of total final energy consumption),EG.FEC.RNEW.ZS,Algeria,DZA,0.177228302572834,0.427372239562088,0.311808048810447,0.258071761617743,0.177339472170288,0.188181413152951,0.140451784823769,0.0686404751413344,0.0589586840918149,..,..,..
Renewable energy consumption (% of total final energy consumption),EG.FEC.RNEW.ZS,American Samoa,ASM,0,0,0,0,0,0.702426574005129,0.70314054045633,0.700882415260351,0.885478201974834,..,..,..
Renewable energy consumption (% of total final energy consumption),EG.FEC.RNEW.ZS,Andorra,AND,14.2735502072872,14.8906640378678,17.5159481688922,19.090729970947,18.9715458373925,19.1955286928342,19.5636980308198,19.8863229427674,19.7478086257358,..,..,..
Renewable energy consumption (% of total final energy consumption),EG.FEC.RNEW.ZS,Angola,AGO,72.2552519216681,74.6181714427266,55.7489765055489,54.1938366242148,52.7156787625416,52.245736309469,50.6861160063949,50.7974606805424,49.5682103295777,..,..,..
Renewable energy consumption (% of total final energy consumption),EG.FEC.RNEW.ZS,Antigua and Barbuda,ATG,0,0,0,0,0,0,0,0,0,..,..,..
Renewable energy consumption (% of total final energy consumption),EG.FEC.RNEW.ZS,Argentina,ARG,8.92290746696394,11.0779551321774,8.57406117511144,8.96144595214523,10.1168467244514,9.86670170197468,10.2103228997482,10.9019579336328,10.040077613914,..,..,..
Renewable energy consumption (% of total final energy consumption),EG.FEC.RNEW.ZS,Armenia,ARM,2.11894434058036,7.16426350401004,7.80055609506316,9.35981700562644,8.00961530742766,6.56571131176592,6.7712176363861,7.72473444046229,15.7920038357833,..,..,..
Renewable energy consumption (% of total final energy consumption),EG.FEC.RNEW.ZS,Aruba,ABW,0.268747068990415,0.175266080777474,0.299773815834368,5.46471590573899,5.661788374133,6.85584956908594,6.88975298437996,6.9275015416327,6.72674756598399,..,..,..
Renewable energy consumption (% of total final energy consumption),EG.FEC.RNEW.ZS,Australia,AUS,8.0095771593438,8.42334065854783,7.11282715112279,8.10902729265093,8.25618114983427,8.247109347095,9.08848190986827,9.27819845713441,9.18050295980786,..,..,..
Renewable energy consumption (% of total final energy consumption),EG.FEC.RNEW.ZS,Austria,AUT,25.135754145631,26.3878560380378,30.5143889874151,30.6592165744001,30.9885937243849,33.4265374778104,34.6806004056175,35.3942733418568,34.3949917477854,..,..,..
Renewable energy consumption (% of total final energy consumption),EG.FEC.RNEW.ZS,Azerbaijan,AZE,0.722062718119182,2.06564607499202,3.2691447294693,4.44973428535868,3.55633258575353,2.84552187217877,2.52609484041716,2.11681861563155,2.31075768577815,..,..,..
Renewable energy consumption (% of total final energy consumption),EG.FEC.RNEW.ZS,"Bahamas, The",BHS,0,0,1.91509448940823,1.65566801996177,1.42627268471275,1.18468572968943,0.84390314402223,1.08880276901951,1.21051288380392,..,..,..
Renewable energy consumption (% of total final energy consumption),EG.FEC.RNEW.ZS,Bahrain,BHR,0,0,0,0,0,0,0,0,0,..,..,..
Renewable energy consumption (% of total final energy consumption),EG.FEC.RNEW.ZS,Bangladesh,BGD,71.6649713034591,59.0084842709052,43.6891169940556,41.0508417943633,39.4378552445795,38.6126786335771,38.7604812718781,37.6344834916176,34.7470690115416,..,..,..
Renewable energy consumption (% of total final energy consumption),EG.FEC.RNEW.ZS,Barbados,BRB,18.9421765236556,13.6212955289104,9.3801547841442,9.03133448365998,4.58440171410584,4.13218505806171,3.40036919145895,3.15661695398056,2.78635820637435,..,..,..
Renewable energy consumption (% of total final energy consumption),EG.FEC.RNEW.ZS,Belarus,BLR,0.817357745109713,4.98260515782548,6.77864120236616,7.01637018392482,7.37848342362358,7.24939399554935,7.00920866865618,6.63418060132312,6.7708695317313,..,..,..
Renewable energy consumption (% of total final energy consumption),EG.FEC.RNEW.ZS,Belgium,BEL,1.26946149475781,1.44708348583888,4.83345935359174,5.83739147556669,6.63206514838302,7.75872906587017,8.12943452255499,9.07399509752252,9.20164053078148,..,..,..
Renewable energy consumption (% of total final energy consumption),EG.FEC.RNEW.ZS,Belize,BLZ,38.0116326948614,34.5525895175452,26.617188634872,33.7103437031445,31.0237604383144,37.1144939641158,34.6588616999766,36.9061680129115,35.0236296024311,..,..,..
Renewable energy consumption (% of total final energy consumption),EG.FEC.RNEW.ZS,Benin,BEN,93.7032408560468,70.2889919783792,52.8278434772848,48.1172541013029,49.4518135956395,51.1460156133676,52.710999690266,52.5379882071749,50.8626179373594,..,..,..
Renewable energy consumption (% of total final energy consumption),EG.FEC.RNEW.ZS,Bermuda,BMU,0,0,2.60835899285589,2.39176852046561,2.31664705312181,2.13500466516013,1.92816579253939,1.99479860849385,2.3595880074697,..,..,..
Renewable energy consumption (% of total final energy consumption),EG.FEC.RNEW.ZS,Bhutan,BTN,95.8988521698186,91.3980429430305,92.606017618535,90.8904179206477,89.6053320733458,88.0423063931459,87.0378362103585,87.0256180016119,86.9045483179462,..,..,..
Renewable energy consumption (% of total final energy consumption),EG.FEC.RNEW.ZS,Bolivia,BOL,37.3590015889956,27.3905722364747,19.9922207319011,20.0699703029615,19.2883981714109,17.9232292022776,18.6352611897866,16.8179624969643,17.5381818257023,..,..,..
Renewable energy consumption (% of total final energy consumption),EG.FEC.RNEW.ZS,Bosnia and Herzegovina,BIH,7.30009869458265,19.3530060217934,17.4348269862004,19.5688468879406,14.1582283938188,15.279166269758,19.4773965635019,41.7454627776529,40.7500602307998,..,..,..
Renewable energy consumption (% of total final energy consumption),EG.FEC.RNEW.ZS,Botswana,BWA,47.5846378429877,36.5552702425913,28.2767423857184,30.1860932514292,29.9967966378765,29.7485259516562,29.2188489371836,28.8005210227213,28.8798269935477,..,..,..
Renewable energy consumption (% of total final energy consumption),EG.FEC.RNEW.ZS,Brazil,BRA,49.8646749269456,42.7987739937361,49.1137230363207,47.0066615686336,45.4685505272025,43.6207952976118,42.4478425401058,41.8418787194096,43.7903891971588,..,..,..
Renewable energy consumption (% of total final energy consumption),EG.FEC.RNEW.ZS,British Virgin Islands,VGB,1.45302007788675,1.04644802783175,0.831967785861383,0.846844043142365,1.0529020144329,1.08996752721555,1.15779071174514,1.21680518801857,1.22913566907501,..,..,..
Renewable energy consumption (% of total final energy consumption),EG.FEC.RNEW.ZS,Brunei Darussalam,BRN,0.671759471210095,0,0,0,0.0158307398523535,0.0147907916784319,0.013528142510792,0.0139761914390522,0.0149350358914578,..,..,..
Renewable energy consumption (% of total final energy consumption),EG.FEC.RNEW.ZS,Bulgaria,BGR,1.91684850938441,7.98317668307988,11.6601737928254,14.367527798517,13.2770293580204,15.751452162522,18.1570190693118,16.966624812368,17.6500779274042,..,..,..
Renewable energy consumption (% of total final energy consumption),EG.FEC.RNEW.ZS,Burkina Faso,BFA,93.158060288834,85.405002500371,83.5972086766321,81.4540237382329,80.5721976005965,77.1750367400347,75.4269680231221,75.2426491138353,74.1671878585048,..,..,..
Renewable energy consumption (% of total final energy consumption),EG.FEC.RNEW.ZS,Burundi,BDI,95.2006722228931,93.2256928383527,96.9196659596576,96.7578246382942,96.5942068051828,93.9586936952692,94.0692433762261,94.5981828190235,95.6789242535879,..,..,..
Renewable energy consumption (% of total final energy consumption),EG.FEC.RNEW.ZS,Cabo Verde,CPV,36.6340415196557,28.9782379763742,26.1616868942958,21.7360521104316,21.6204510742102,24.403883949932,26.1254674277281,26.1964230234372,26.5797158996811,..,..,..
Renewable energy consumption (% of total final energy consumption),EG.FEC.RNEW.ZS,Cambodia,KHM,..,81.1360755329419,71.3219369439439,68.5184675188782,68.1617454767198,68.2603726029706,68.9721559998162,68.0079101091459,64.9237759106607,..,..,..
Renewable energy consumption (% of total final energy consumption),EG.FEC.RNEW.ZS,Cameroon,CMR,81.5931350753616,84.4826180250164,79.093464793693,78.6042341724908,78.3692621317238,78.0478383205715,77.6145782700282,76.9753907919409,76.5384004118885,..,..,..
Renewable energy consumption (% of total final energy consumption),EG.FEC.RNEW.ZS,Canada,CAN,22.0207536925352,21.5104010616548,22.7012573605801,22.080989379394,21.9654186137916,22.6102584732396,22.3796797547872,22.024651539556,22.0253592107108,..,..,..
Renewable energy consumption (% of total final energy consumption),EG.FEC.RNEW.ZS,Cayman Islands,CYM,0,0,0,0,0,0,0,0,0,..,..,..
Renewable energy consumption (% of total final energy consumption),EG.FEC.RNEW.ZS,Central African Republic,CAF,93.4942809635231,85.0734255853265,80.5792579214768,79.8106035351215,78.7671670529812,78.0278866556752,77.0799774881912,76.9030411883894,76.5670200103872,..,..,..
Renewable energy consumption (% of total final energy consumption),EG.FEC.RNEW.ZS,Chad,TCD,98.1635270998423,97.1636764839913,91.0541536574666,90.788355026,90.5973665374715,90.6505114133458,89.4572677044783,89.2400626970031,89.357395570733,..,..,..
Renewable energy consumption (% of total final energy consumption),EG.FEC.RNEW.ZS,Channel Islands,CHI,..,..,..,..,..,..,..,..,..,..,..,..
Renewable energy consumption (% of total final energy consumption),EG.FEC.RNEW.ZS,Chile,CHL,34.0268705730956,31.3615099880457,31.5254578448702,27.0427409374808,28.7900875640179,30.3027342301006,30.1772384553337,26.7170993337307,24.8825542739544,..,..,..
Renewable energy consumption (% of total final energy consumption),EG.FEC.RNEW.ZS,China,CHN,34.083614045282,29.7307148369434,13.9119622748916,12.8843103068778,11.6957969853632,11.9685670286267,11.8381669000852,12.2238230065824,12.4133525698911,..,..,..
Renewable energy consumption (% of total final energy consumption),EG.FEC.RNEW.ZS,Colombia,COL,38.2511966912592,28.0256620758746,29.554610414189,27.9315350231324,26.7810366177938,26.6442913141333,24.4704895139289,24.4418090930349,23.5647575160943,..,..,..
Renewable energy consumption (% of total final energy consumption),EG.FEC.RNEW.ZS,Comoros,COM,49.8385735205986,48.2521494659301,49.8190986494917,46.4079975124319,47.7939534767455,48.0076502582211,44.081426485913,46.615590933773,45.3330523920407,..,..,..
Renewable energy consumption (% of total final energy consumption),EG.FEC.RNEW.ZS,"Congo, Dem. Rep.",COD,92.0477316438248,97.9399599087099,97.0188910659838,96.8278215337739,96.2451753719682,95.5283686612768,94.0127482576199,92.8713110792669,95.8176997146271,..,..,..
Renewable energy consumption (% of total final energy consumption),EG.FEC.RNEW.ZS,"Congo, Rep.",COG,65.413786812666,64.8533620931531,56.3877154740318,55.1497486433873,64.9471229415981,65.5114930357406,62.6874274592315,62.3963358002278,62.4021190190415,..,..,..
Renewable energy consumption (% of total final energy consumption),EG.FEC.RNEW.ZS,Costa Rica,CRI,45.3807809003988,32.9478425050433,42.2668095868799,42.3112526906227,40.5021237173534,38.6238545864882,38.0748418166082,37.8425411277646,38.7334138821774,..,..,..
Renewable energy consumption (% of total final energy consumption),EG.FEC.RNEW.ZS,Cote d'Ivoire,CIV,73.5823492352254,63.7159742478385,73.6729367157035,75.3701433681979,78.8957471490704,74.904556454873,72.5798529621154,72.2237845464658,64.5280256540323,..,..,..
Renewable energy consumption (% of total final energy consumption),EG.FEC.RNEW.ZS,Croatia,HRV,21.9231797129439,26.7881802617319,27.1782564634504,29.7750473065786,27.1862393886566,29.4219488727739,32.8375105987798,33.6481912689857,33.1274666358571,..,..,..
Renewable energy consumption (% of total final energy consumption),EG.FEC.RNEW.ZS,Cuba,CUB,42.89020109637,34.4308204157781,16.1242103591387,13.1576319538398,16.6802118422414,17.102350355742,16.8879652140855,18.7984428920254,19.2813206353885,..,..,..
Renewable energy consumption (% of total final energy consumption),EG.FEC.RNEW.ZS,Curacao,CUW,0,0.0723763414665137,0.248549943124608,0.243917905410709,0.241650876636546,0.357017933331048,0.355516897298213,0.348989718842898,0.347766267819474,..,..,..
Renewable energy consumption (% of total final energy consumption),EG.FEC.RNEW.ZS,Cyprus,CYP,0.495929367042497,3.09665682748594,5.97851616722324,6.35322559915793,7.4157519845407,8.33890017172604,9.49593036077569,9.36329568365396,9.9420660163921,..,..,..
Renewable energy consumption (% of total final energy consumption),EG.FEC.RNEW.ZS,Czech Republic,CZE,3.57150702677699,5.94112966113152,10.2141620436068,10.9177199801872,12.1206034597646,12.7628160099154,13.9237189142382,14.8307420893096,14.8285619496241,..,..,..
Renewable energy consumption (% of total final energy consumption),EG.FEC.RNEW.ZS,Denmark,DNK,7.04155980088103,10.7372008187749,19.3427639308072,21.3548364626267,23.8989672739058,27.2819568791468,27.3428385982791,30.2716312824144,33.1702771730605,..,..,..
Renewable energy consumption (% of total final energy consumption),EG.FEC.RNEW.ZS,Djibouti,DJI,26.5928298444075,31.4432190907785,33.3129799216742,34.4333471221399,34.4441895634032,34.0658299928845,34.0148216796369,34.1510474525367,15.3805952215024,..,..,..
Renewable energy consumption (% of total final energy consumption),EG.FEC.RNEW.ZS,Dominica,DMA,14.6031005626215,11.0343862364279,8.16387146795938,8.9102120175512,11.4755216082184,9.73287692488609,9.88058028885364,8.61179766591701,7.82979664019173,..,..,..
Renewable energy consumption (% of total final energy consumption),EG.FEC.RNEW.ZS,Dominican Republic,DOM,28.0115794110888,18.42361063174,17.550067626357,16.9754091658878,17.2429348859095,17.0454588513356,17.509364251986,18.0190203360356,16.480109206897,..,..,..
Renewable energy consumption (% of total final energy consumption),EG.FEC.RNEW.ZS,Ecuador,ECU,24.1985491334263,20.0330297926724,13.2995050892621,12.1066394041354,13.3457155677197,13.1000979343789,12.6757331242219,12.2181395203009,13.8166859421647,..,..,..
Renewable energy consumption (% of total final energy consumption),EG.FEC.RNEW.ZS,"Egypt, Arab Rep.",EGY,8.50246617963276,8.10174849736039,5.76287861312245,5.7241019528271,5.58463890039262,5.55417121806337,5.7078980939596,5.86604491436771,5.70937726460422,..,..,..
Renewable energy consumption (% of total final energy consumption),EG.FEC.RNEW.ZS,El Salvador,SLV,67.1370358121372,50.8640632558114,29.2966895986751,30.7661429096025,30.3093878741344,27.2556744052314,28.1612531035734,28.265443146539,24.400769994085,..,..,..
Renewable energy consumption (% of total final energy consumption),EG.FEC.RNEW.ZS,Equatorial Guinea,GNQ,84.7108596065751,52.5780223732301,6.09888920963046,5.95110181811416,5.64431823486235,5.3520984578672,5.95817897623226,7.64327489750003,7.82279977697172,..,..,..
Renewable energy consumption (% of total final energy consumption),EG.FEC.RNEW.ZS,Eritrea,ERI,..,76.7829441829366,81.8060953276351,81.246598781123,80.7514484509309,80.2298979683057,80.2331439351355,79.9301496997009,79.767472303226,..,..,..
Renewable energy consumption (% of total final energy consumption),EG.FEC.RNEW.ZS,Estonia,EST,3.35607862421139,19.8371190229034,24.088768704071,25.1298919417513,24.9835417865552,24.9085588565359,24.4752448868179,25.3260591405017,27.4768334658828,..,..,..
Renewable energy consumption (% of total final energy consumption),EG.FEC.RNEW.ZS,Eswatini,SWZ,85.2457164364142,48.1924299414015,64.6937756332951,62.6819897127291,61.251160414214,62.4732579595622,66.7140641527682,67.6940886175817,66.1046592063012,..,..,..
Renewable energy consumption (% of total final energy consumption),EG.FEC.RNEW.ZS,Ethiopia,ETH,96.6353867748331,95.9532279069496,94.6048421519751,94.5173902874428,94.0129064114549,93.7502589776356,93.000856612925,92.0676518760102,92.163461141348,..,..,..
Renewable energy consumption (% of total final energy consumption),EG.FEC.RNEW.ZS,Faroe Islands,FRO,2.54477143475928,2.77199755188347,5.12314980285181,3.37767902613655,4.99706391596944,4.70088115471323,4.32260140424707,6.53581510260637,7.51358049162428,..,..,..
Renewable energy consumption (% of total final energy consumption),EG.FEC.RNEW.ZS,Fiji,FJI,53.0940057808747,52.8758082282902,34.9853172750616,29.6124872521696,33.925131880889,32.7872441952719,36.4180620771655,34.5718209266863,31.2639470878642,..,..,..
Renewable energy consumption (% of total final energy consumption),EG.FEC.RNEW.ZS,Finland,FIN,24.5084314763594,31.6654965969553,32.5987315680398,33.5820641792945,35.2579798551138,38.8026670058552,38.4797058653809,41.2352406498046,43.2352625898503,..,..,..
Renewable energy consumption (% of total final energy consumption),EG.FEC.RNEW.ZS,France,FRA,10.4080191320525,9.25600013717668,11.2220062136121,11.8458733047694,10.9136904355435,12.372958762063,13.4773744348411,13.3470246384899,13.4992623166677,..,..,..
Renewable energy consumption (% of total final energy consumption),EG.FEC.RNEW.ZS,French Polynesia,PYF,4.73166616715196,9.93589058177307,9.37372112896416,11.5741379504809,9.7856546749214,9.34491855530532,8.83167900326235,10.1623565081656,9.82915476747146,..,..,..
Renewable energy consumption (% of total final energy consumption),EG.FEC.RNEW.ZS,Gabon,GAB,78.2806653694318,72.7791082875816,88.0957535791128,85.8833735373094,79.7685984325719,75.514306372015,82.2276146835431,81.3516096870383,82.0078436860573,..,..,..
Renewable energy consumption (% of total final energy consumption),EG.FEC.RNEW.ZS,"Gambia, The",GMB,61.4418697790458,63.1344855554064,53.4038589204825,54.7051488341729,54.1578659243507,54.218386677516,56.6422268643071,51.9307947614502,51.5088624939659,..,..,..
Renewable energy consumption (% of total final energy consumption),EG.FEC.RNEW.ZS,Georgia,GEO,12.7739975794557,47.2542795321254,36.7204061141406,39.1485729934275,31.5376606536178,28.6926232666341,34.9792335924453,31.8929763399434,28.662538805976,..,..,..
Renewable energy consumption (% of total final energy consumption),EG.FEC.RNEW.ZS,Germany,DEU,2.09803377496266,3.70043759040219,9.63006156970857,10.2935196369107,11.3943559060623,12.0151357257952,12.0890787546162,13.3788782316752,14.2062526977772,..,..,..
Renewable energy consumption (% of total final energy consumption),EG.FEC.RNEW.ZS,Ghana,GHA,80.6264219686598,71.6167558786761,49.9081593962873,49.7787862567583,48.0110966639598,44.4836843800779,44.0429647124435,45.049492078705,41.4127943140724,..,..,..
Renewable energy consumption (% of total final energy consumption),EG.FEC.RNEW.ZS,Gibraltar,GIB,0,0,0,0,0,0,0,0,0,..,..,..
Renewable energy consumption (% of total final energy consumption),EG.FEC.RNEW.ZS,Greece,GRC,7.80688229908911,7.52078500985735,8.92002878304834,11.0929826096158,11.0883158079466,13.8593777473623,16.2938175121062,16.0857927242722,17.170047546133,..,..,..
Renewable energy consumption (% of total final energy consumption),EG.FEC.RNEW.ZS,Greenland,GRL,0,12.1985954202805,8.59034118264691,9.82941901337197,12.2190268388806,12.1652245822194,13.3034634742829,14.9004760095178,15.5338165059432,..,..,..
Renewable energy consumption (% of total final energy consumption),EG.FEC.RNEW.ZS,Grenada,GRD,8.3421317894005,10.4737611076364,10.4431309048225,10.4963458553586,11.2374842686142,11.3438087960337,10.885765129394,11.0768146223922,10.9195721498431,..,..,..
Renewable energy consumption (% of total final energy consumption),EG.FEC.RNEW.ZS,Guam,GUM,0,0,0,0,0,0,0,0,0,..,..,..
Renewable energy consumption (% of total final energy consumption),EG.FEC.RNEW.ZS,Guatemala,GTM,74.9653299152976,62.7429400098926,58.3026825912569,66.5852359697893,66.4172263822328,66.2193653049695,64.9779649816952,59.9010023125906,63.6509917919234,..,..,..
Renewable energy consumption (% of total final energy consumption),EG.FEC.RNEW.ZS,Guinea,GIN,89.2971441802469,85.6193608946972,79.2504942754554,75.7090704106443,74.7486846636739,76.3678482187563,78.532906644964,78.517875308011,76.2683913195384,..,..,..
Renewable energy consumption (% of total final energy consumption),EG.FEC.RNEW.ZS,Guinea-Bissau,GNB,88.5796054338438,91.2377248494202,87.894751858964,87.8071288610203,87.7151251518762,87.6063562539845,87.4224238829869,87.0600171337502,86.8517939369185,..,..,..
Renewable energy consumption (% of total final energy consumption),EG.FEC.RNEW.ZS,Guyana,GUY,42.2339423012401,39.5035214429417,33.7025249473201,33.8414156519498,36.3006476297882,28.2564262765314,26.266727866558,24.0152013060972,25.2587277167556,..,..,..
Renewable energy consumption (% of total final energy consumption),EG.FEC.RNEW.ZS,Haiti,HTI,81.1195732028181,76.0401445636326,76.8704099827917,79.0248432432757,79.0063697203897,83.1610980115464,82.3347581116171,78.3912383418507,76.0722132337506,..,..,..
Renewable energy consumption (% of total final energy consumption),EG.FEC.RNEW.ZS,Honduras,HND,70.1290822490711,55.127606212696,52.5970071987054,53.1553646884745,51.9695375305732,48.7776856945139,49.7671672597913,54.0409417907054,51.5374135797421,..,..,..
Renewable energy consumption (% of total final energy consumption),EG.FEC.RNEW.ZS,"Hong Kong SAR, China",HKG,1.07385629896274,0.597431642066056,0.649481504772347,0.834900883759309,1.06513591516639,0.824365082078995,0.901276843316087,0.858141923107929,0.852783452322141,..,..,..
Renewable energy consumption (% of total final energy consumption),EG.FEC.RNEW.ZS,Hungary,HUN,3.85666956107032,5.16611184783921,8.39915478882437,13.4560288300338,14.7429917419872,16.4652046189581,17.1963887090332,15.6745498209192,15.559362050795,..,..,..
Renewable energy consumption (% of total final energy consumption),EG.FEC.RNEW.ZS,Iceland,ISL,54.6721549511554,60.6604770617323,74.1238775545343,75.4196918406966,76.4508536593322,77.3446814179132,76.2194959459808,76.3388709815554,77.029689205553,..,..,..
Renewable energy consumption (% of total final energy consumption),EG.FEC.RNEW.ZS,India,IND,58.652858348278,51.5793476223734,40.7708275885812,39.4815087312075,38.9317402139462,38.3908901522843,37.8498411784972,36.651837856374,36.0212225652817,..,..,..
Renewable energy consumption (% of total final energy consumption),EG.FEC.RNEW.ZS,Indonesia,IDN,58.5975311362571,45.5815009874561,38.9704786215423,37.7534203392792,38.2254721452003,38.2336573420011,38.1064535938405,37.4542683456069,36.8793481032359,..,..,..
Renewable energy consumption (% of total final energy consumption),EG.FEC.RNEW.ZS,"Iran, Islamic Rep.",IRN,1.23835958436715,0.438389901756078,0.781922794295354,0.897453786451368,0.916869396257912,0.934277506348732,0.995531840779105,0.939119651442092,0.913005056748309,..,..,..
Renewable energy consumption (% of total final energy consumption),EG.FEC.RNEW.ZS,Iraq,IRQ,1.59632635721349,0.363571952470217,1.23763391680208,1.70963705456244,1.07433655809252,1.26387437960623,1.36878400878178,0.912104650364548,0.798830768676665,..,..,..
Renewable energy consumption (% of total final energy consumption),EG.FEC.RNEW.ZS,Ireland,IRL,2.27978134203649,2.03416723320132,5.24675647912276,5.27353814314154,6.70936460707383,6.61854861056846,7.40476688097015,8.52066979093462,9.08139901337063,..,..,..
Renewable energy consumption (% of total final energy consumption),EG.FEC.RNEW.ZS,Isle of Man,IMN,..,..,4.25031778976985,4.04755518687497,4.38640197661334,6.4275082132929,3.73746602106694,3.81270707070707,4.2075897300392,..,..,..
Renewable energy consumption (% of total final energy consumption),EG.FEC.RNEW.ZS,Israel,ISR,5.80024515812053,5.97064052127847,8.41705165142766,8.50335499959035,9.02175146735844,2.68630292528265,3.319186866125,3.68013234935496,3.70776691254672,..,..,..
Renewable energy consumption (% of total final energy consumption),EG.FEC.RNEW.ZS,Italy,ITA,3.78146348144952,5.11951479788946,12.5397527301242,12.7940929982975,11.9049402680297,14.3916489650323,16.3208850422585,17.0903588438944,16.5168505774397,..,..,..
Renewable energy consumption (% of total final energy consumption),EG.FEC.RNEW.ZS,Jamaica,JAM,7.63335505813092,11.9021345930669,14.0409740586844,13.7199666602969,13.8847977524942,17.0390394183548,15.7599788440379,16.1167899050273,16.7719074601531,..,..,..
Renewable energy consumption (% of total final energy consumption),EG.FEC.RNEW.ZS,Japan,JPN,4.55066402367469,3.91610801853032,4.03561366246857,4.58552956180109,4.69360225893564,4.53308543403043,4.91215213004179,5.62502588654266,6.29735708059289,..,..,..
Renewable energy consumption (% of total final energy consumption),EG.FEC.RNEW.ZS,Jordan,JOR,2.76535806449837,2.08411335778864,2.78359418504868,2.97312559922771,3.02753075910644,2.9390587320004,3.15074989890137,3.13055186492564,3.22917004202291,..,..,..
Renewable energy consumption (% of total final energy consumption),EG.FEC.RNEW.ZS,Kazakhstan,KAZ,1.40771720816198,2.50503749129384,1.30558986206246,1.38236338460658,1.38191953837658,1.32774975976258,1.16522530180671,1.30565511569328,1.55844291225827,..,..,..
Renewable energy consumption (% of total final energy consumption),EG.FEC.RNEW.ZS,Kenya,KEN,77.504004595281,79.0353716102981,78.1486686555068,76.2731232275273,77.0836394000251,78.4976195106547,77.1367463125937,75.5181685982944,72.662752510447,..,..,..
Renewable energy consumption (% of total final energy consumption),EG.FEC.RNEW.ZS,Kiribati,KIR,5.22094183156921,4.84779159178134,3.07790554190796,3.46460479841843,3.57454932961151,3.27556747607358,3.03206560142476,3.46502445469725,4.25399869303377,..,..,..
Renewable energy consumption (% of total final energy consumption),EG.FEC.RNEW.ZS,"Korea, Dem. People’s Rep.",PRK,7.18959206812245,8.71775004723711,12.3073498438865,13.4749488975869,18.081567355131,17.6917390291291,23.8072942574963,21.0331869949215,23.1232614917341,..,..,..
Renewable energy consumption (% of total final energy consumption),EG.FEC.RNEW.ZS,"Korea, Rep.",KOR,1.63194686718062,0.700450813764183,1.20679603607017,1.31495350279791,1.34761205511562,1.61425751323342,1.92227365396064,2.83819150814731,2.70770280422964,..,..,..
Renewable energy consumption (% of total final energy consumption),EG.FEC.RNEW.ZS,Kosovo,XKX,..,28.2992827707598,20.9201965798764,20.9214616741766,19.7192778971191,20.8621064471168,20.8966385922434,21.4611558950136,20.4509089678075,..,..,..
Renewable energy consumption (% of total final energy consumption),EG.FEC.RNEW.ZS,Kuwait,KWT,0.165242348246376,0,0,0,0,0,0,0,0,..,..,..
Renewable energy consumption (% of total final energy consumption),EG.FEC.RNEW.ZS,Kyrgyz Republic,KGZ,7.9276997426212,35.1666155666244,24.7312668574298,25.5947877745323,25.9507396110241,22.4544752597519,24.581052728941,26.6083070344147,23.3068222046976,..,..,..
Renewable energy consumption (% of total final energy consumption),EG.FEC.RNEW.ZS,Lao PDR,LAO,88.4450970085087,85.4720575462818,66.8227414544118,71.5085793947307,66.2695521000416,63.3466578185902,60.6815317371727,60.4741411934053,59.3158607506634,..,..,..
Renewable energy consumption (% of total final energy consumption),EG.FEC.RNEW.ZS,Latvia,LVA,17.5696905194457,35.8203898144672,38.3941409605993,33.0640004053054,35.5339217998253,40.3656247937447,39.6030380302764,40.2360616036777,38.0980171666829,..,..,..
Renewable energy consumption (% of total final energy consumption),EG.FEC.RNEW.ZS,Lebanon,LBN,11.3416809095177,4.90844434736821,4.27690691536524,5.20363204353897,5.17973464005984,4.94441813893494,5.71730690527317,3.23351914577464,3.64671967049883,..,..,..
Renewable energy consumption (% of total final energy consumption),EG.FEC.RNEW.ZS,Lesotho,LSO,52.0279792504683,56.6981761457499,53.9814082725128,53.4492321673762,53.1354663327189,52.4127512100243,52.2983789129422,51.3888984915194,52.139206087139,..,..,..
Renewable energy consumption (% of total final energy consumption),EG.FEC.RNEW.ZS,Liberia,LBR,88.8172391382016,90.826124782357,91.5130245095015,89.2054669015124,87.3679743918266,85.1799364456257,86.9896264925097,83.9355343251113,83.84704333625,..,..,..
Renewable energy consumption (% of total final energy consumption),EG.FEC.RNEW.ZS,Libya,LBY,3.12930845114595,2.0421626891895,1.71951508825856,1.56833080600608,2.23072091188462,1.91286030352224,1.71780327046183,1.75392907784759,1.96655445725932,..,..,..
Renewable energy consumption (% of total final energy consumption),EG.FEC.RNEW.ZS,Liechtenstein,LIE,..,..,58.9900293500024,58.6944666541105,61.4328821752533,61.921724688055,60.4687924108355,62.5920262736532,63.1344414422166,..,..,..
Renewable energy consumption (% of total final energy consumption),EG.FEC.RNEW.ZS,Lithuania,LTU,3.0967785138163,17.1855643869942,20.0864826899959,21.4576523593236,22.738272612436,23.9225824954477,26.3425134741084,27.7050524829416,28.9611792543763,..,..,..
Renewable energy consumption (% of total final energy consumption),EG.FEC.RNEW.ZS,Luxembourg,LUX,1.72183239792546,6.85402281551282,3.7371623657835,3.65968302593806,3.73329601518401,4.14785683220779,5.72319945121627,6.88323194465757,9.03131366096732,..,..,..
Renewable energy consumption (% of total final energy consumption),EG.FEC.RNEW.ZS,"Macao SAR, China",MAC,0.660982960083351,0.177456417906856,3.2164393026143,5.8118801394673,5.51325348142603,9.86682132901718,14.4230857542724,10.0204706155887,7.0513630489631,..,..,..
Renewable energy consumption (% of total final energy consumption),EG.FEC.RNEW.ZS,"Macedonia, FYR",MKD,2.41018821459786,19.3762701925002,18.4654640318307,22.3303036002751,18.6440353374068,18.2822965541185,21.1970874417553,21.204238579028,24.2181297260889,..,..,..
Renewable energy consumption (% of total final energy consumption),EG.FEC.RNEW.ZS,Madagascar,MDG,85.6472768325133,78.3999011860413,83.1757967440361,81.9310757178489,78.8447814577196,76.3969001814981,72.7431464142651,72.0265270773173,70.1744159107341,..,..,..
Renewable energy consumption (% of total final energy consumption),EG.FEC.RNEW.ZS,Malawi,MWI,84.0309780489549,82.469206822993,83.3620600822143,79.4703140300342,79.6627064672756,80.3729468488993,79.8747971011705,79.9508790443424,83.649433704296,..,..,..
Renewable energy consumption (% of total final energy consumption),EG.FEC.RNEW.ZS,Malaysia,MYS,11.980543608873,6.74350372428677,4.23012405000452,3.81904229491699,4.10776296381475,4.41031060617694,4.48629964495982,4.76977363667669,5.19444258901529,..,..,..
Renewable energy consumption (% of total final energy consumption),EG.FEC.RNEW.ZS,Maldives,MDV,4.45873889458219,2.12645926943565,1.26480162207938,1.16419048398708,1.14059042498794,1.03951237690876,1.04135582848905,0.903032402015331,1.00959469325713,..,..,..
Renewable energy consumption (% of total final energy consumption),EG.FEC.RNEW.ZS,Mali,MLI,88.6375668252837,85.3884757534469,72.7071833146201,69.1256840258912,66.6491334951902,64.9286209432907,62.4093974792381,64.5912607109859,61.5269847175779,..,..,..
Renewable energy consumption (% of total final energy consumption),EG.FEC.RNEW.ZS,Malta,MLT,0,0,0.263477405687031,1.38720713429593,2.02662069286477,2.59507185504859,2.58053294700436,3.93010086256695,5.35500474641897,..,..,..
Renewable energy consumption (% of total final energy consumption),EG.FEC.RNEW.ZS,Marshall Islands,MHL,..,19.5714269527391,13.9629980551538,13.3087607135524,12.0598312347217,12.012820300262,12.0679921619599,12.0189983316877,11.1644846525257,..,..,..
Renewable energy consumption (% of total final energy consumption),EG.FEC.RNEW.ZS,Mauritania,MRT,46.9997435870883,44.4105076016467,33.4255791150077,33.998815697514,33.2826016177256,31.842576481478,34.1961651868964,32.0193358240546,32.1595724693392,..,..,..
Renewable energy consumption (% of total final energy consumption),EG.FEC.RNEW.ZS,Mauritius,MUS,47.0678274403789,20.421382538649,12.8733784586771,13.6584289998917,12.1429181978792,11.6088655061675,11.4375754591077,10.6338613343618,11.5373619624728,..,..,..
Renewable energy consumption (% of total final energy consumption),EG.FEC.RNEW.ZS,Mexico,MEX,14.4133016877432,12.1673599409573,9.16840548130559,9.35997754330969,9.06647223491036,8.96482420763479,9.23136345664358,9.7584624231682,9.2152134550018,..,..,..
Renewable energy consumption (% of total final energy consumption),EG.FEC.RNEW.ZS,"Micronesia, Fed. Sts.",FSM,..,1.19235364882882,1.14670514113907,1.50033404079487,1.42752389437571,1.32291087075043,1.24930741982317,1.15799036056395,1.19623786232284,..,..,..
Renewable energy consumption (% of total final energy consumption),EG.FEC.RNEW.ZS,Moldova,MDA,1.14095793780758,5.72213871252037,4.86046112662844,8.44006198180788,9.8870709263633,10.469330356643,13.0788625781267,13.0473500202632,14.2736887091697,..,..,..
Renewable energy consumption (% of total final energy consumption),EG.FEC.RNEW.ZS,Monaco,MCO,..,..,..,..,..,..,..,..,..,..,..,..
Renewable energy consumption (% of total final energy consumption),EG.FEC.RNEW.ZS,Mongolia,MNG,1.89262442952202,5.71347110756614,4.36488738997934,4.34832056562224,3.8993553833994,2.84790870076394,2.92452446061805,3.26984282370897,3.42973728977845,..,..,..
Renewable energy consumption (% of total final energy consumption),EG.FEC.RNEW.ZS,Montenegro,MNE,..,..,49.1642297584195,49.0940076493238,42.8328285688926,45.9125106910882,49.3777766931193,45.9943348822572,43.004060548998,..,..,..
Renewable energy consumption (% of total final energy consumption),EG.FEC.RNEW.ZS,Morocco,MAR,19.4825557406764,15.2590097362083,14.7565449149461,14.4078588088893,12.351677551403,11.4049941680317,12.0502565093096,11.7185872824578,11.3174596346938,..,..,..
Renewable energy consumption (% of total final energy consumption),EG.FEC.RNEW.ZS,Mozambique,MOZ,93.1035619166689,93.6075644295867,91.6660528149684,91.3046042575161,90.4577194790164,90.8214700507327,90.3160710747055,88.8570478335913,86.4005089176123,..,..,..
Renewable energy consumption (% of total final energy consumption),EG.FEC.RNEW.ZS,Myanmar,MMR,90.9073472098687,80.1636744416438,85.6295863237957,84.4045564890683,83.8603130515469,77.9095581668799,74.1051590235964,66.13285378605,61.5278116473242,..,..,..
Renewable energy consumption (% of total final energy consumption),EG.FEC.RNEW.ZS,Namibia,NAM,..,33.5140543292658,27.0754442900856,26.3739193412099,27.9422018019744,28.5574686092479,28.2723126913205,27.617471809356,26.4684298435307,..,..,..
Renewable energy consumption (% of total final energy consumption),EG.FEC.RNEW.ZS,Nauru,NRU,0,0,0.0846185337971389,0.0836961085054487,0.09256760036895,0.0922575444949949,0.0813197885571204,0.0788501599627345,0.0762903659245616,..,..,..
Renewable energy consumption (% of total final energy consumption),EG.FEC.RNEW.ZS,Nepal,NPL,95.1197145370049,88.284545560238,88.9270866564573,87.2924485879784,86.9455120348228,84.6973403374242,86.2530958872516,84.3747890594521,85.2639581903713,..,..,..
Renewable energy consumption (% of total final energy consumption),EG.FEC.RNEW.ZS,Netherlands,NLD,1.20161113572719,1.75196326220702,4.41013166760311,3.87316274177259,4.69671405687638,4.96229874253427,5.02497632448663,5.6596277365589,5.88946307882733,..,..,..
Renewable energy consumption (% of total final energy consumption),EG.FEC.RNEW.ZS,New Caledonia,NCL,10.1579908328138,7.18264066945352,6.70523928054752,4.47881019811448,5.56884586754445,6.19585723370572,6.22856503350881,3.98252301877675,4.75922121144079,..,..,..
Renewable energy consumption (% of total final energy consumption),EG.FEC.RNEW.ZS,New Zealand,NZL,30.0305927684891,28.9580898061842,30.2250324316924,31.3226917275425,32.1281911024892,30.4748415391146,30.0058728286603,30.3226371357853,30.7891755544734,..,..,..
Renewable energy consumption (% of total final energy consumption),EG.FEC.RNEW.ZS,Nicaragua,NIC,68.7659368292677,58.3667985506452,52.7961431524828,52.6411032150277,51.6787151629144,52.0787735051664,52.5552216183811,51.8392835728228,48.2049091920335,..,..,..
Renewable energy consumption (% of total final energy consumption),EG.FEC.RNEW.ZS,Niger,NER,..,87.6881638476165,83.2964810986699,80.7068299757796,77.2709545323576,72.746665236262,78.7337422804139,78.1414384600678,78.9398275175155,..,..,..
Renewable energy consumption (% of total final energy consumption),EG.FEC.RNEW.ZS,Nigeria,NGA,87.7759727621285,86.1902650926322,88.8318507267791,86.7812380991764,86.1533654352088,86.4486281585456,86.7843099959024,87.2992478132959,86.6356215634187,..,..,..
Renewable energy consumption (% of total final energy consumption),EG.FEC.RNEW.ZS,Northern Mariana Islands,MNP,..,0,0,0,0,0,0,0,0,..,..,..
Renewable energy consumption (% of total final energy consumption),EG.FEC.RNEW.ZS,Norway,NOR,59.1737464148242,60.1881312107316,56.7709250908695,56.4245557827767,56.5293289729021,58.2758503900785,57.7259495348125,57.1964019487249,57.7720015985381,..,..,..
Renewable energy consumption (% of total final energy consumption),EG.FEC.RNEW.ZS,Oman,OMN,0,0,0,0,0,0,0,0,0,..,..,..
Renewable energy consumption (% of total final energy consumption),EG.FEC.RNEW.ZS,Pakistan,PAK,57.5005332440222,50.9591494926998,45.7723398066175,46.7220403019112,46.0709404815021,46.5232355882553,47.4609520103179,46.6045297407692,46.4763249199424,..,..,..
Renewable energy consumption (% of total final energy consumption),EG.FEC.RNEW.ZS,Palau,PLW,..,0,0,0,0,0,0,0,0,..,..,..
Renewable energy consumption (% of total final energy consumption),EG.FEC.RNEW.ZS,Panama,PAN,43.5894456450866,34.3978493433681,26.2232610144049,19.9374057230032,19.1403894628292,20.6195510223162,20.3133337909119,19.7707885923084,21.2341523445028,..,..,..
Renewable energy consumption (% of total final energy consumption),EG.FEC.RNEW.ZS,Papua New Guinea,PNG,71.7004107562091,66.3789071103317,56.0160530224634,55.25248689584,54.7332263573338,55.4650817183486,53.9955099706627,52.5523496129111,52.4986519522615,..,..,..
Renewable energy consumption (% of total final energy consumption),EG.FEC.RNEW.ZS,Paraguay,PRY,78.5064526181554,70.4117357356936,66.3928464169567,64.2493759983531,63.1114122330282,62.6774863404168,63.1027015405961,63.1169353100132,61.6769945886019,..,..,..
Renewable energy consumption (% of total final energy consumption),EG.FEC.RNEW.ZS,Peru,PER,39.4258282036508,32.1550548987154,28.0608450889678,30.7972112804847,29.5472588339093,28.253294480277,25.983385316643,25.996864934782,25.5039055158479,..,..,..
Renewable energy consumption (% of total final energy consumption),EG.FEC.RNEW.ZS,Philippines,PHL,50.94656739513,34.8450316237689,31.2239206956681,28.8118355854605,29.3987828333404,30.2246899489614,29.3071613541921,28.5821718521248,27.4515444500126,..,..,..
Renewable energy consumption (% of total final energy consumption),EG.FEC.RNEW.ZS,Poland,POL,2.5014848391889,6.92665318493555,8.84206269227445,9.48862385817713,10.4378791791655,10.9151432472711,11.4133798111271,11.5693155275748,11.9114882087605,..,..,..
Renewable energy consumption (% of total final energy consumption),EG.FEC.RNEW.ZS,Portugal,PRT,26.94447492732,20.1140249494064,24.8945429909406,27.8279775694672,27.2191030249245,25.5174408920039,30.1720552112441,30.4570080786211,27.15729838594,..,..,..
Renewable energy consumption (% of total final energy consumption),EG.FEC.RNEW.ZS,Puerto Rico,PRI,1.74694285470563,0.733473890812009,0.733664639089507,0.573634039385937,0.673052167838715,0.698647346921574,1.39324413664838,1.62786914395754,1.83744638261367,..,..,..
Renewable energy consumption (% of total final energy consumption),EG.FEC.RNEW.ZS,Qatar,QAT,0,0,0,0,0,0,0,0,0,..,..,..
Renewable energy consumption (% of total final energy consumption),EG.FEC.RNEW.ZS,Romania,ROU,3.3557658834508,16.367186891756,22.1822696766077,24.0957070447707,21.1127362058663,21.5509591718079,23.0902321977293,24.3318800956785,23.6977940316245,..,..,..
Renewable energy consumption (% of total final energy consumption),EG.FEC.RNEW.ZS,Russian Federation,RUS,3.75193925800565,3.49718909814249,3.59962303289662,3.34274839695926,3.22779553551528,3.35404111566791,3.74450411353368,3.42242694642671,3.30422835092973,..,..,..
Renewable energy consumption (% of total final energy consumption),EG.FEC.RNEW.ZS,Rwanda,RWA,80.0875582175947,86.6785245581281,90.5419268269666,90.6555290837025,89.6448125883995,88.7852909566571,88.474248475437,88.1813037678132,86.6553742907747,..,..,..
Renewable energy consumption (% of total final energy consumption),EG.FEC.RNEW.ZS,Samoa,WSM,46.2046085512518,45.3723136280869,45.6883037108353,46.754669915623,39.8196369326062,40.1209274407978,42.2537150838344,42.3350774376652,34.3248944081542,..,..,..
Renewable energy consumption (% of total final energy consumption),EG.FEC.RNEW.ZS,San Marino,SMR,..,..,..,..,..,..,..,..,..,..,..,..
Renewable energy consumption (% of total final energy consumption),EG.FEC.RNEW.ZS,Sao Tome and Principe,STP,50.9290739556334,54.7289574237091,45.4083895936281,43.7595495481625,43.1196153567265,41.2460612323825,41.3950242977474,41.8094376905841,41.0559989770475,..,..,..
Renewable energy consumption (% of total final energy consumption),EG.FEC.RNEW.ZS,Saudi Arabia,SAU,0.037984678665846,0.00911777728926887,0.00704921459704318,0.00625490772240625,0.00684122197560053,0.00645540711733768,0.00637447808445955,0.00600874219762672,0.00597654216323794,..,..,..
Renewable energy consumption (% of total final energy consumption),EG.FEC.RNEW.ZS,Senegal,SEN,55.5510111313875,47.515245548353,51.9585671406511,50.2604668379306,48.6553646989562,50.369745509563,43.5938292712968,43.3570635809297,42.7117516284132,..,..,..
Renewable energy consumption (% of total final energy consumption),EG.FEC.RNEW.ZS,Serbia,SRB,15.4916526558252,23.5864771726928,20.8223570457481,20.5950876375869,17.5507574597227,19.6057338440094,20.2282689570639,23.4292907492289,21.1738852789742,..,..,..
Renewable energy consumption (% of total final energy consumption),EG.FEC.RNEW.ZS,Seychelles,SYC,4.2483951388184,0.571808231194913,0.505036066831612,0.625464047907652,0.963233961852338,0.630526085089829,1.28857430299963,1.2985376439681,1.35293554797754,..,..,..
Renewable energy consumption (% of total final energy consumption),EG.FEC.RNEW.ZS,Sierra Leone,SLE,91.282152247783,89.2841516602693,85.3865600089718,84.1750925806591,80.3459747864652,78.4297555508629,75.2247752787417,73.0542862186249,77.660558628128,..,..,..
Renewable energy consumption (% of total final energy consumption),EG.FEC.RNEW.ZS,Singapore,SGP,0.194833724264659,0.325118892748759,0.478419171576047,0.475165156888014,0.469261488323299,0.495199917807395,0.555974865833875,0.621625222931533,0.70863529719762,..,..,..
Renewable energy consumption (% of total final energy consumption),EG.FEC.RNEW.ZS,Sint Maarten (Dutch part),SXM,..,..,..,..,..,0.0499340620936234,0.04893566666597,0.0479595111742185,0.0463340318516937,..,..,..
Renewable energy consumption (% of total final energy consumption),EG.FEC.RNEW.ZS,Slovak Republic,SVK,2.22533593364972,3.72808858274496,9.9991415642967,10.2797356630759,10.3575669304655,10.4725845421321,10.6783822104781,12.2427515458209,13.4091682209694,..,..,..
Renewable energy consumption (% of total final energy consumption),EG.FEC.RNEW.ZS,Slovenia,SVN,12.3519505905187,15.8647646209616,19.0283649811127,19.5047538484834,18.5864329328115,19.7046257549979,22.0056325886711,22.3004865571111,20.8773961432658,..,..,..
Renewable energy consumption (% of total final energy consumption),EG.FEC.RNEW.ZS,Solomon Islands,SLB,59.0143695891387,66.9017903280456,64.0051707860765,63.4896179429961,63.6749208956194,63.5315015791209,63.4306983409799,62.9931406428089,63.3074463971862,..,..,..
Renewable energy consumption (% of total final energy consumption),EG.FEC.RNEW.ZS,Somalia,SOM,87.2032165250552,93.283122745562,93.6314964114591,93.5721449564437,93.6495058367676,93.8945606405944,94.2304499732395,94.4269497405014,94.2859666089416,..,..,..
Renewable energy consumption (% of total final energy consumption),EG.FEC.RNEW.ZS,South Africa,ZAF,16.6278217077773,18.5080804630776,15.5702925251554,17.0798023283017,16.9785947586075,16.6328854467481,16.0973939680517,16.5881622011429,17.1501412476598,..,..,..
Renewable energy consumption (% of total final energy consumption),EG.FEC.RNEW.ZS,South Sudan,SSD,..,..,..,..,..,30.196821278189,29.7016549651407,29.8296332934483,39.0743843216671,..,..,..
Renewable energy consumption (% of total final energy consumption),EG.FEC.RNEW.ZS,Spain,ESP,10.5444311831995,7.88433462529383,12.2179472922962,14.3957857926708,14.7459265297844,15.7709502104472,16.9499656957041,17.3517358032041,16.254097737239,..,..,..
Renewable energy consumption (% of total final energy consumption),EG.FEC.RNEW.ZS,Sri Lanka,LKA,78.0872449044957,64.1565655297965,63.5091951847621,61.8422806565482,59.2494645336182,60.691292600475,59.8722533374464,57.5851811314478,52.8758920368984,..,..,..
Renewable energy consumption (% of total final energy consumption),EG.FEC.RNEW.ZS,St. Kitts and Nevis,KNA,40.0323261759965,26.6385794003067,0.0127019149452703,0.99249094317003,0.927705413081851,1.32794834209294,1.51215082588615,1.6974028076753,1.64219119447618,..,..,..
Renewable energy consumption (% of total final energy consumption),EG.FEC.RNEW.ZS,St. Lucia,LCA,5.46745938496603,2.61592834205759,2.25549471747488,2.20403552348605,2.17775191226221,2.17807802193903,2.17372969819363,2.14586618116292,2.13262353619368,..,..,..
Renewable energy consumption (% of total final energy consumption),EG.FEC.RNEW.ZS,St. Martin (French part),MAF,..,..,..,..,..,..,..,..,..,..,..,..
Renewable energy consumption (% of total final energy consumption),EG.FEC.RNEW.ZS,St. Vincent and the Grenadines,VCT,15.4397732751786,8.49127077107302,4.36726007468834,5.48649089076054,6.54693446929055,5.19193261600251,6.00710745881559,5.80094729889746,5.80743339677968,..,..,..
Renewable energy consumption (% of total final energy consumption),EG.FEC.RNEW.ZS,Sudan,SDN,73.2666351335301,80.4221346125189,63.2809844269672,61.4417497571917,63.9714608630893,59.8175531922709,61.3091549566752,62.436028468759,61.5967474758976,..,..,..
Renewable energy consumption (% of total final energy consumption),EG.FEC.RNEW.ZS,Suriname,SUR,..,26.4746703640125,28.6505253324923,24.5443393259844,25.4461272400794,23.0492309364804,25.9671451680468,25.38253636521,24.9131103610308,..,..,..
Renewable energy consumption (% of total final energy consumption),EG.FEC.RNEW.ZS,Sweden,SWE,34.0619919654159,40.0082586688854,47.0773641961662,45.9778059302002,46.4870296536003,49.9485495007274,48.8252222639117,49.69341469037,53.2477697984376,..,..,..
Renewable energy consumption (% of total final energy consumption),EG.FEC.RNEW.ZS,Switzerland,CHE,17.1239100400375,18.6301241415603,20.7538728903066,21.4603638355235,21.5570329141586,22.9585027869576,22.9925196662751,23.4181472290315,25.2919836825127,..,..,..
Renewable energy consumption (% of total final energy consumption),EG.FEC.RNEW.ZS,Syrian Arab Republic,SYR,2.36001739730949,2.00042573259296,0.93302319468194,1.41058497099232,1.90335550840765,2.51969571307407,2.85821560028008,2.35322956372371,0.52115517170161,..,..,..
Renewable energy consumption (% of total final energy consumption),EG.FEC.RNEW.ZS,Tajikistan,TJK,29.6377518944877,62.4134110466871,60.5750784789636,61.8343248989419,59.9802775176018,55.079854831174,57.9210512957349,45.7563923571945,44.6592039196129,..,..,..
Renewable energy consumption (% of total final energy consumption),EG.FEC.RNEW.ZS,Tanzania,TZA,94.7849093146188,93.7244702767242,91.6407401770115,90.3162284953793,88.5137356314494,86.3544899735307,86.6248063592451,86.6736033198387,85.7130419384343,..,..,..
Renewable energy consumption (% of total final energy consumption),EG.FEC.RNEW.ZS,Thailand,THA,33.6391309206457,21.9881377099018,22.6573672231386,22.654877636674,22.7555240431084,23.2898203537994,22.9436074588218,24.0957260406663,22.8630701280756,..,..,..
Renewable energy consumption (% of total final energy consumption),EG.FEC.RNEW.ZS,Timor-Leste,TLS,..,..,36.7821913183866,34.6892292914252,32.7110775129992,25.5129899435959,21.5416275593252,18.4224883739056,18.2236892844473,..,..,..
Renewable energy consumption (% of total final energy consumption),EG.FEC.RNEW.ZS,Togo,TGO,78.7014170523745,77.112078462034,63.3977105859083,65.8254206325466,69.1568611838379,72.7374188531909,72.3995414041368,72.1615065976613,71.2646671412409,..,..,..
Renewable energy consumption (% of total final energy consumption),EG.FEC.RNEW.ZS,Tonga,TON,1.48660799808816,2.4767297539479,1.81749318669195,1.0078707100095,1.13501745260503,1.14695786061368,1.57564945527512,1.69762930874545,1.87975158224647,..,..,..
Renewable energy consumption (% of total final energy consumption),EG.FEC.RNEW.ZS,Trinidad and Tobago,TTO,1.1930237744161,0.759098479125078,0.400455155948103,0.33434964514866,0.359608806591007,0.324047642802149,0.309722805715422,0.280380127538186,0.284205763881456,..,..,..
Renewable energy consumption (% of total final energy consumption),EG.FEC.RNEW.ZS,Tunisia,TUN,14.4802391393195,14.2347808319166,16.0699931660779,12.6878398397828,13.3276231857098,13.0844089314863,13.24921424997,12.9336297100125,12.5623503533853,..,..,..
Renewable energy consumption (% of total final energy consumption),EG.FEC.RNEW.ZS,Turkey,TUR,24.5107769566024,17.2666089675125,13.3283805737173,14.3264961064921,12.7806127796583,12.8316846317276,13.8475452599085,11.6078875438469,13.3742300375217,..,..,..
Renewable energy consumption (% of total final energy consumption),EG.FEC.RNEW.ZS,Turkmenistan,TKM,0.27758276370711,0.0942309001230706,0.0813121473113718,0.0721928933985477,0.065071312356959,0.0395322083116013,0.0424143071195108,0.0412616635099097,0.0408878864181804,..,..,..
Renewable energy consumption (% of total final energy consumption),EG.FEC.RNEW.ZS,Turks and Caicos Islands,TCA,1.79210863620114,0.688235241225387,0.53184966990753,0.524279329301663,0.593043645154232,0.587956971297632,0.603267318162099,0.576831433360749,0.572166001038355,..,..,..
Renewable energy consumption (% of total final energy consumption),EG.FEC.RNEW.ZS,Tuvalu,TUV,0,0,0,0,0,0,0,0,0,..,..,..
Renewable energy consumption (% of total final energy consumption),EG.FEC.RNEW.ZS,Uganda,UGA,96.0185128743597,93.9060462592165,92.4386859904253,91.6061733947231,91.0912132622457,91.2661759130469,90.7501655565619,90.2221300582891,89.0579489792097,..,..,..
Renewable energy consumption (% of total final energy consumption),EG.FEC.RNEW.ZS,Ukraine,UKR,0.650122964829657,1.25458006597755,2.96328259128296,2.88271343442415,2.73851800040502,2.85763459113999,3.48873328398983,3.49974621772774,4.14431803937237,..,..,..
Renewable energy consumption (% of total final energy consumption),EG.FEC.RNEW.ZS,United Arab Emirates,ARE,0,0.0763771733711794,0.106410817984732,0.108121924887818,0.108040122630895,0.104984898038094,0.11177080546719,0.145671401398313,0.137108046073838,..,..,..
Renewable energy consumption (% of total final energy consumption),EG.FEC.RNEW.ZS,United Kingdom,GBR,0.651133978423517,0.961901516319544,3.38303166308866,3.63891826187997,4.40111862136268,4.75125761850907,6.01578094932047,7.3952204555385,8.71168557437913,..,..,..
Renewable energy consumption (% of total final energy consumption),EG.FEC.RNEW.ZS,United States,USA,4.17546218583434,5.42962368850183,7.35440475450257,7.5051720554451,8.16445164623265,8.48145040759456,8.71326157278159,8.75430895443964,8.71693586705814,..,..,..
Renewable energy consumption (% of total final energy consumption),EG.FEC.RNEW.ZS,Uruguay,URY,44.8124773202968,38.8027071332468,45.2937671017776,52.8186124978599,48.8424942288547,46.9248622014668,50.746273021398,55.3913387150355,58.0220411778528,..,..,..
Renewable energy consumption (% of total final energy consumption),EG.FEC.RNEW.ZS,Uzbekistan,UZB,1.32974459756982,1.22401641542508,2.21976540331242,2.64349718010288,2.24652065591403,2.38096542093821,2.87422806082603,2.89678351276622,2.97017869966095,..,..,..
Renewable energy consumption (% of total final energy consumption),EG.FEC.RNEW.ZS,Vanuatu,VUT,24.157966864776,48.6510337915484,38.7818318402388,38.3757394260246,36.6356625661197,40.3056958851331,42.5733306304,32.1428306641906,36.111064596662,..,..,..
Renewable energy consumption (% of total final energy consumption),EG.FEC.RNEW.ZS,"Venezuela, RB",VEN,11.9773301859186,14.6633762066271,13.6469986909766,11.4360146589206,13.5254922513314,12.2442010122179,14.4199739381536,12.3158343003505,12.8415785518796,..,..,..
Renewable energy consumption (% of total final energy consumption),EG.FEC.RNEW.ZS,Vietnam,VNM,76.081644655317,57.9637007256619,37.1668136829163,34.7958988239322,36.526959380424,38.1143660255291,37.3915507332977,37.0354726305609,34.9985698382085,..,..,..
Renewable energy consumption (% of total final energy consumption),EG.FEC.RNEW.ZS,Virgin Islands (U.S.),VIR,0,0,0,0,0.341455802686325,0.971550723836888,1.65019894332279,2.75500250810063,3.87752521400119,..,..,..
Renewable energy consumption (% of total final energy consumption),EG.FEC.RNEW.ZS,West Bank and Gaza,PSE,22.0820829300246,17.5249046998138,16.5408671782552,14.0647686823408,15.4201600054067,12.2403007476563,11.6104047382696,10.5302584688409,10.4727149640955,..,..,..
Renewable energy consumption (% of total final energy consumption),EG.FEC.RNEW.ZS,"Yemen, Rep.",YEM,2.1486377864538,1.15125045508123,0.862384216978888,0.963571052307676,1.13932180257631,1.33278812593805,0.931936929739915,0.974200974559375,2.27641668698264,..,..,..
Renewable energy consumption (% of total final energy consumption),EG.FEC.RNEW.ZS,Zambia,ZMB,82.9827342296715,89.9907414363247,92.0865599814941,92.1042974585819,90.899608136634,88.6323294441471,88.4762085670418,88.0340372906068,87.9854523585353,..,..,..
Renewable energy consumption (% of total final energy consumption),EG.FEC.RNEW.ZS,Zimbabwe,ZWE,63.9764094127404,69.2587771247714,83.1537112681723,82.8795411998765,79.5742265683321,78.0197020630944,79.5610938290255,81.0492915007339,81.797808552401,..,..,..
Renewable energy consumption (% of total final energy consumption),EG.FEC.RNEW.ZS,Arab World,ARB,7.34435776652672,6.60961837893085,5.04951651381919,4.83953384252023,4.6971295921337,4.16704503078223,4.22617691236642,4.17001746695178,4.09403656576612,..,..,..
Renewable energy consumption (% of total final energy consumption),EG.FEC.RNEW.ZS,Caribbean small states,CSS,10.2737892968127,12.3880804624596,9.61162326908766,9.09634207217972,9.67054703841848,9.40805455189897,8.68116102420678,8.54825286916704,8.82597676748344,..,..,..
Renewable energy consumption (% of total final energy consumption),EG.FEC.RNEW.ZS,Central Europe and the Baltics,CEB,4.14235436660635,9.87494217209724,13.369292122868,14.5383551962262,14.7409476705612,15.6851266598267,16.6491390990543,17.0412434922642,17.1218933587845,..,..,..
Renewable energy consumption (% of total final energy consumption),EG.FEC.RNEW.ZS,Early-demographic dividend,EAR,37.0711022735371,32.1864151486116,26.8960455294378,26.4814269968139,26.2927925389253,25.9300026641153,26.1758892540448,25.6079936961468,25.554844894545,..,..,..
Renewable energy consumption (% of total final energy consumption),EG.FEC.RNEW.ZS,East Asia & Pacific,EAS,26.1962539178093,22.2630418233549,14.454285073537,13.7294467697963,13.073701502368,13.3759404565449,13.3431346084015,13.7534420504955,13.857602677083,..,..,..
Renewable energy consumption (% of total final energy consumption),EG.FEC.RNEW.ZS,East Asia & Pacific (excluding high income),EAP,36.9957925881531,31.8637953940134,17.6069385609497,16.4718174416519,15.4567922438856,15.7647873780059,15.570175027772,15.8526129084276,15.8611604820867,..,..,..
Renewable energy consumption (% of total final energy consumption),EG.FEC.RNEW.ZS,East Asia & Pacific (IDA & IBRD countries),TEA,38.0391221986229,32.2632592512873,17.6490026558287,16.4927407758855,15.4434083652387,15.754845346125,15.5399370372241,15.8321577281546,15.8385206466604,..,..,..
Renewable energy consumption (% of total final energy consumption),EG.FEC.RNEW.ZS,Euro area,EMU,6.49947192855388,7.51914968569527,12.1054235094554,12.8330881699874,13.0725364787054,14.3305386014905,15.179484475702,16.0443468982307,16.0832621961324,..,..,..
Renewable energy consumption (% of total final energy consumption),EG.FEC.RNEW.ZS,Europe & Central Asia,ECS,5.70692006473993,7.63581633565879,10.3644689940286,10.8331480685142,10.7226911792078,11.5502735830782,12.3182961246756,12.6175816033302,13.0730847351684,..,..,..
Renewable energy consumption (% of total final energy consumption),EG.FEC.RNEW.ZS,Europe & Central Asia (excluding high income),ECA,4.04281930760792,5.56122063612137,5.94740800274575,6.04399922377985,5.56351256205621,5.80663006058724,6.38323151974721,6.15118410992681,6.4785330040515,..,..,..
Renewable energy consumption (% of total final energy consumption),EG.FEC.RNEW.ZS,Europe & Central Asia (IDA & IBRD countries),TEC,4.06545111161047,5.84310390260188,6.40066463759213,6.56292579936304,6.14624159039478,6.41991110642443,7.02274770209243,6.80252903779607,7.14818365005406,..,..,..
Renewable energy consumption (% of total final energy consumption),EG.FEC.RNEW.ZS,European Union,EUU,6.12810326954557,7.92031415332266,12.1976463411811,12.9600294317678,13.3373564307128,14.4879635390869,15.3070915779056,16.2201385629434,16.5611122417818,..,..,..
Renewable energy consumption (% of total final energy consumption),EG.FEC.RNEW.ZS,Fragile and conflict affected situations,FCS,54.1039256164322,51.94015954757,52.3584453378675,51.4874191515397,52.4348813357611,49.9477680818031,50.261186576138,51.7335764878757,53.6892448359959,..,..,..
Renewable energy consumption (% of total final energy consumption),EG.FEC.RNEW.ZS,Heavily indebted poor countries (HIPC),HPC,85.9912632986925,85.5276127441017,81.1970337494981,80.198570617551,79.3615263174312,78.0091587918367,78.1223605195888,77.9792426364864,77.2399104209393,..,..,..
Renewable energy consumption (% of total final energy consumption),EG.FEC.RNEW.ZS,High income,HIC,6.45460986047632,7.26820472031906,9.30222001387511,9.56793858262047,9.95320025588966,10.4236333990648,10.7880975859292,11.0131605135398,11.1642105187104,..,..,..
Renewable energy consumption (% of total final energy consumption),EG.FEC.RNEW.ZS,IBRD only,IBD,23.102448672101,24.4763891708389,18.5491359247947,17.8720473151652,17.1636079778356,17.2471654233471,17.2769713440804,17.2750714100163,17.4070547397721,..,..,..
Renewable energy consumption (% of total final energy consumption),EG.FEC.RNEW.ZS,IDA & IBRD total,IBT,27.6040335503208,29.9229617405079,24.1099078624441,23.3571768860747,22.6406093175525,22.6513515304671,22.7482989037758,22.7342092281966,22.8759583482546,..,..,..
Renewable energy consumption (% of total final energy consumption),EG.FEC.RNEW.ZS,IDA blend,IDB,55.8355080515854,58.7919972416424,61.746750392033,61.9032984785855,60.9537901202015,61.4387835902676,63.1043470173295,62.7441155849673,62.9218710636497,..,..,..
Renewable energy consumption (% of total final energy consumption),EG.FEC.RNEW.ZS,IDA only,IDX,75.4540723188214,77.4491337597229,72.5097191905511,71.6326320998628,71.3098804798748,70.5054872578691,70.710436992286,70.1981936589809,69.7419393640244,..,..,..
Renewable energy consumption (% of total final energy consumption),EG.FEC.RNEW.ZS,IDA total,IDA,65.0775053004238,67.6752582580433,67.1844779210239,66.8242343106417,66.1583090839428,65.919956517704,66.9516572846544,66.5620644198878,66.4094392159545,..,..,..
Renewable energy consumption (% of total final energy consumption),EG.FEC.RNEW.ZS,Late-demographic dividend,LTE,19.5698536467169,21.733828885113,15.4003622726589,14.63315231899,13.8095244250536,13.9997591893104,13.9305454757449,14.0706824929714,14.2018159144913,..,..,..
Renewable energy consumption (% of total final energy consumption),EG.FEC.RNEW.ZS,Latin America & Caribbean,LCN,32.4391616312952,28.2936665856553,29.0479064442641,28.3314013071241,28.2062350321591,27.3828557592714,27.2962218413879,27.0829929900215,27.602499585898,..,..,..
Renewable energy consumption (% of total final energy consumption),EG.FEC.RNEW.ZS,Latin America & Caribbean (excluding high income),LAC,35.1835583087005,30.6599948753765,31.7688800607373,30.969844065779,30.6183416198095,29.5738015994673,29.3860347089156,29.2276851687587,30.0684226018708,..,..,..
Renewable energy consumption (% of total final energy consumption),EG.FEC.RNEW.ZS,Latin America & the Caribbean (IDA & IBRD countries),TLA,32.2289479825031,28.377265557951,29.4375066312587,28.7316193713877,28.5377879294636,27.686876013741,27.6013127082364,27.3496511517141,27.8743588155754,..,..,..
Renewable energy consumption (% of total final energy consumption),EG.FEC.RNEW.ZS,Least developed countries: UN classification,LDC,86.0503189284512,83.8699026820828,77.8995890073946,76.6690346023562,75.9269722405603,74.7376381872267,74.1968827969495,73.4133848008204,73.2195049215421,..,..,..
Renewable energy consumption (% of total final energy consumption),EG.FEC.RNEW.ZS,Low & middle income,LMY,28.1825223276241,30.5462654001931,24.4418642909125,23.6707223626954,22.9093150872005,22.9013942515242,22.984216237966,22.9672569144765,23.1287323219817,..,..,..
Renewable energy consumption (% of total final energy consumption),EG.FEC.RNEW.ZS,Low income,LIC,62.8248301341508,71.962200206732,73.4260632360145,73.2499953919809,74.4978191754349,74.9091907741861,76.3561000935168,76.0007741873517,78.0130869427632,..,..,..
Renewable energy consumption (% of total final energy consumption),EG.FEC.RNEW.ZS,Lower middle income,LMC,45.2168923032036,47.0788399996773,41.9538871193978,40.9604056793088,40.6713920445837,40.6507700069883,40.702217630718,40.1346956407635,39.7562892222708,..,..,..
Renewable energy consumption (% of total final energy consumption),EG.FEC.RNEW.ZS,Middle East & North Africa,MEA,2.85928799448971,2.17438826218704,1.94097311155463,1.92259836807045,1.85557132999595,1.64491410073442,1.68240446870633,1.60152503581821,1.55785661387381,..,..,..
Renewable energy consumption (% of total final energy consumption),EG.FEC.RNEW.ZS,Middle East & North Africa (excluding high income),MNA,4.04321303933203,2.97322489920102,2.723833309731,2.75943356580243,2.66982535705037,2.64759201848786,2.69282978663993,2.5667943622435,2.53002685282472,..,..,..
Renewable energy consumption (% of total final energy consumption),EG.FEC.RNEW.ZS,Middle East & North Africa (IDA & IBRD countries),TMN,3.97731315465657,2.92464440387246,2.67651385372819,2.71861995701587,2.6275715645118,2.61038470187145,2.65806500778434,2.52759848057791,2.49043639165242,..,..,..
Renewable energy consumption (% of total final energy consumption),EG.FEC.RNEW.ZS,Middle income,MIC,26.5193668368185,28.3992818193633,22.1405788603712,21.4155674688501,20.6428937103741,20.7161346837373,20.7312832418552,20.6856466917,20.8124807166956,..,..,..
Renewable energy consumption (% of total final energy consumption),EG.FEC.RNEW.ZS,North America,NAC,6.15715585373201,7.1920190503338,9.05132487483585,9.06990153803901,9.70672228357408,10.0698223301315,10.2455006727036,10.220528725581,10.1761857899231,..,..,..
Renewable energy consumption (% of total final energy consumption),EG.FEC.RNEW.ZS,Not classified,INX,..,..,..,..,..,..,..,..,..,..,..,..
Renewable energy consumption (% of total final energy consumption),EG.FEC.RNEW.ZS,OECD members,OED,6.99693773648778,7.75412777215836,9.94147593250163,10.2575304170239,10.6406700990309,11.168536657714,11.5762133834756,11.8019032585101,12.0068867932521,..,..,..
Renewable energy consumption (% of total final energy consumption),EG.FEC.RNEW.ZS,Other small states,OSS,26.9500288195219,30.7365944296485,30.7462449038513,30.7467870617076,28.893541877431,26.396326788367,28.9530970958706,27.001138769312,27.1397471615321,..,..,..
Renewable energy consumption (% of total final energy consumption),EG.FEC.RNEW.ZS,Pacific island small states,PSS,47.70016566418,44.9542541885465,33.5553684666149,31.4830443555154,32.7161380269499,32.1866456731443,34.104403529025,32.6587922571935,30.4078998422925,..,..,..
Renewable energy consumption (% of total final energy consumption),EG.FEC.RNEW.ZS,Post-demographic dividend,PST,6.34483121743185,7.24486423234258,9.52802242674611,9.85859346160841,10.2326184245194,10.8078517446246,11.2156406255975,11.5619325333341,11.7996619338235,..,..,..
Renewable energy consumption (% of total final energy consumption),EG.FEC.RNEW.ZS,Pre-demographic dividend,PRE,78.2833555346823,78.0843710496905,78.176333022855,76.3321878481789,75.0880996514691,74.019072070356,74.2513712430378,75.395402761878,75.5825893846392,..,..,..
Renewable energy consumption (% of total final energy consumption),EG.FEC.RNEW.ZS,Small states,SST,23.9991288808557,26.8614359002146,27.0353597722013,27.0037164630893,25.5721653064101,23.4890358135283,25.513247431832,23.964956883691,24.1711814611926,..,..,..
Renewable energy consumption (% of total final energy consumption),EG.FEC.RNEW.ZS,South Asia,SAS,60.0047009605969,52.9094458016564,42.7382213400648,41.5887594969655,40.8748122181296,40.4365187049686,40.1709262501923,38.9975422348051,38.2753846475636,..,..,..
Renewable energy consumption (% of total final energy consumption),EG.FEC.RNEW.ZS,South Asia (IDA & IBRD),TSA,60.0047009605969,52.9094458016564,42.7382213400648,41.5887594969655,40.8748122181296,40.4365187049686,40.1709262501923,38.9975422348051,38.2753846475636,..,..,..
Renewable energy consumption (% of total final energy consumption),EG.FEC.RNEW.ZS,Sub-Saharan Africa,SSF,71.1346365600736,72.8685440486386,70.9447372450898,71.4224680082104,71.0869384181601,70.3113512222089,70.0409138871891,70.2864318966796,70.1273749790267,..,..,..
Renewable energy consumption (% of total final energy consumption),EG.FEC.RNEW.ZS,Sub-Saharan Africa (excluding high income),SSA,71.1437666116454,72.9090652891152,70.9710796057577,71.4433411985453,71.1002047636261,70.3306715439323,70.0570165871525,70.302939255078,70.1438511628588,..,..,..
Renewable energy consumption (% of total final energy consumption),EG.FEC.RNEW.ZS,Sub-Saharan Africa (IDA & IBRD countries),TSS,71.1346365600736,72.8685440486386,70.9447372450898,71.4224680082104,71.0869384181601,70.3113512222089,70.0409138871891,70.2864318966796,70.1273749790267,..,..,..
Renewable energy consumption (% of total final energy consumption),EG.FEC.RNEW.ZS,Upper middle income,UMC,19.1305274533351,19.9934932513236,14.1700751407687,13.6675509687425,12.8218941170835,12.9079027753688,12.9270865281769,13.0367867173657,13.281019681212,..,..,..
Renewable energy consumption (% of total final energy consumption),EG.FEC.RNEW.ZS,World,WLD,17.0671538947666,17.8993921979056,17.5116086035299,17.2551919506048,17.2097710318662,17.4762365885514,17.6990568614625,17.8701840419389,18.0537549929864,..,..,..
,,,,,,,,,,,,,,,
,,,,,,,,,,,,,,,
,,,,,,,,,,,,,,,
Data from database: World Development Indicators,,,,,,,,,,,,,,,
Last Updated: 01/30/2019,,,,,,,,,,,,,,,
